Workbook

Sheet 初始
A1: 深度/m | B1: A0 | C1: A180 | D1: A0+A180 | E1: (A0-A180)/2 | F1: Profile | G1: ProfileK | I1: 45658 | J1: 45659 | K1: 45660 | L1: 45661 | M1: 45662 | N1: 45663 | O1: 45664 | P1: 45665 | Q1: 45666 | R1: 45667
A2: 0.5 | B2: 25.54 | C2: -27.74 | D2: -2.2 | E2: 26.64 | F2: 225.25 | G2: -26.64 | I2: 1.28 | J2: 1.92 | K2: 1.68 | L2: 2.21 | M2: 3.23 | N2: 4.28 | O2: 4.78 | P2: 5.26 | Q2: 6.39 | R2: 6.9
A3: 1 | B3: 21.99 | C3: -24.17 | D3: -2.18 | E3: 23.08 | F3: 198.61 | G3: -49.72 | I3: 1.96 | J3: 1.85 | K3: 1.61 | L3: 2.12 | M3: 3.14 | N3: 4.17 | O3: 4.66 | P3: 5.13 | Q3: 6.26 | R3: 6.76
A4: 1.5 | B4: 18.06 | C4: -19.76 | D4: -1.7 | E4: 18.91 | F4: 175.53 | G4: -68.63 | I4: 2.665 | J4: 1.81 | K4: 1.58 | L4: 2.07 | M4: 3.05 | N4: 4.06 | O4: 4.53 | P4: 4.99 | Q4: 6.07 | R4: 6.53
A5: 2 | B5: 10.82 | C5: -13.44 | D5: -2.62 | E5: 12.13 | F5: 156.62 | G5: -80.76 | I5: 3.155 | J5: 1.69 | K5: 1.48 | L5: 1.92 | M5: 2.82 | N5: 3.73 | O5: 4.17 | P5: 4.59 | Q5: 5.59 | R5: 6.04
A6: 2.5 | B6: 9.32 | C6: -11.32 | D6: -2 | E6: 10.32 | F6: 144.49 | G6: -91.08 | I6: 3.655 | J6: 1.44 | K6: 1.26 | L6: 1.65 | M6: 2.43 | N6: 3.22 | O6: 3.59 | P6: 3.95 | Q6: 4.82 | R6: 5.18
A7: 3 | B7: 7.79 | C7: -9.96 | D7: -2.17 | E7: 8.875 | F7: 134.17 | G7: -99.955 | I7: 3.96 | J7: 1.31 | K7: 1.14 | L7: 1.48 | M7: 2.18 | N7: 2.89 | O7: 3.23 | P7: 3.56 | Q7: 4.33 | R7: 4.67
A8: 3.5 | B8: 7.83 | C8: -9.96 | D8: -2.13 | E8: 8.895 | F8: 125.295 | G8: -108.85 | I8: 4.08 | J8: 0.92 | K8: 0.8 | L8: 1.04 | M8: 1.53 | N8: 2.04 | O8: 2.29 | P8: 2.52 | Q8: 3.08 | R8: 3.33
A9: 4 | B9: 6.96 | C9: -9.03 | D9: -2.07 | E9: 7.995 | F9: 116.4 | G9: -116.845 | I9: 3.92 | J9: 0.78 | K9: 0.68 | L9: 0.91 | M9: 1.35 | N9: 1.78 | O9: 1.97 | P9: 2.17 | Q9: 2.65 | R9: 2.85
A10: 4.5 | B10: 6.59 | C10: -8.55 | D10: -1.96 | E10: 7.57 | F10: 108.405 | G10: -124.415 | I10: 3.38 | J10: 0.58 | K10: 0.51 | L10: 0.69 | M10: 1.02 | N10: 1.34 | O10: 1.5 | P10: 1.67 | Q10: 2.03 | R10: 2.18
A11: 5 | B11: 4.19 | C11: -6.28 | D11: -2.09 | E11: 5.235 | F11: 100.835 | G11: -129.65 | I11: 2.83 | J11: 0.49 | K11: 0.42 | L11: 0.55 | M11: 0.83 | N11: 1.12 | O11: 1.26 | P11: 1.39 | Q11: 1.72 | R11: 1.86
A12: 5.5 | B12: 5.9 | C12: -7.91 | D12: -2.01 | E12: 6.905 | F12: 95.6 | G12: -136.555 | I12: 2.325 | J12: 0.4 | K12: 0.35 | L12: 0.46 | M12: 0.67 | N12: 0.89 | O12: 0.99 | P12: 1.1 | Q12: 1.31 | R12: 1.43
A13: 6 | B13: 10.66 | C13: -12.86 | D13: -2.2 | E13: 11.76 | F13: 88.695 | G13: -148.315 | I13: 1.845 | J13: 0.28 | K13: 0.25 | L13: 0.31 | M13: 0.47 | N13: 0.62 | O13: 0.71 | P13: 0.77 | Q13: 0.95 | R13: 1.04
... A21: 10 | B21: 9.68 | C21: -11.69 | D21: -2.01 | E21: 10.685 | F21: 7.845 | G21: -228.09 | I21: 0.22 | J21: 0.01 | K21: 0.01 | L21: 0.01 | M21: 0.01 | N21: 0.02 | O21: 0.05 | P21: 0.05 | Q21: 0.02 | R21: 0.02

Sheet Sheet1
A1: 深度/m | B1: A0 | C1: A180 | D1: A0+A180 | E1: (A0-A180)/2 | F1: Profile | G1: ProfileK | H1: 深度/m | I1: A0 | J1: A180 | K1: A0+A180 | L1: (A0-A180)/2 | M1: Profile | N1: ProfileK
A3: 0.5 | B3: 初始A0的基础上上下随机变化，变化的话0-10 | D3: =RANDBETWEEN(190,250)*-0.01 -> -2.12 | E3: =F3-F4 -> 25.96 | F3: =初始!F2+初始!I2 -> 226.53 | G3: =-E3 -> -25.96
A4: 1 | D4: =RANDBETWEEN(190,250)*-0.01 -> -2.5 | E4: =F4-F5 -> 22.375 | F4: =初始!F3+初始!I3 -> 200.57 | G4: =G3-E4 -> -48.335
A5: 1.5 | D5: =RANDBETWEEN(190,250)*-0.01 -> -2.41 | E5: =F5-F6 -> 18.42 | F5: =初始!F4+初始!I4 -> 178.195 | G5: =G4-E5 -> -66.755
A6: 2 | D6: =RANDBETWEEN(190,250)*-0.01 -> -2.31 | E6: =F6-F7 -> 11.63 | F6: =初始!F5+初始!I5 -> 159.775 | G6: =G5-E6 -> -78.385
A7: 2.5 | D7: =RANDBETWEEN(190,250)*-0.01 -> -2.31 | E7: =F7-F8 -> 10.015 | F7: =初始!F6+初始!I6 -> 148.145 | G7: =G6-E7 -> -88.4
A8: 3 | D8: =RANDBETWEEN(190,250)*-0.01 -> -2.44 | E8: =F8-F9 -> 8.755 | F8: =初始!F7+初始!I7 -> 138.13 | G8: =G7-E8 -> -97.155
A9: 3.5 | D9: =RANDBETWEEN(190,250)*-0.01 -> -2.31 | E9: =F9-F10 -> 9.055 | F9: =初始!F8+初始!I8 -> 129.375 | G9: =G8-E9 -> -106.21
A10: 4 | D10: =RANDBETWEEN(190,250)*-0.01 -> -2.28 | E10: =F10-F11 -> 8.535 | F10: =初始!F9+初始!I9 -> 120.32 | G10: =G9-E10 -> -114.745
A11: 4.5 | D11: =RANDBETWEEN(190,250)*-0.01 -> -1.96 | E11: =F11-F12 -> 8.12 | F11: =初始!F10+初始!I10 -> 111.785 | G11: =G10-E11 -> -122.865
A12: 5 | D12: =RANDBETWEEN(190,250)*-0.01 -> -2.28 | E12: =F12-F13 -> 5.74 | F12: =初始!F11+初始!I11 -> 103.665 | G12: =G11-E12 -> -128.605
A13: 5.5 | D13: =RANDBETWEEN(190,250)*-0.01 -> -1.92 | E13: =F13-F14 -> 7.385 | F13: =初始!F12+初始!I12 -> 97.925 | G13: =G12-E13 -> -135.99
A14: 6 | D14: =RANDBETWEEN(190,250)*-0.01 -> -2.33 | E14: =F14-F15 -> 12.1 | F14: =初始!F13+初始!I13 -> 90.54 | G14: =G13-E14 -> -148.09
A15: 6.5 | D15: =RANDBETWEEN(190,250)*-0.01 -> -2.41 | E15: =F15-F16 -> 9.8 | F15: =初始!F14+初始!I14 -> 78.44 | G15: =G14-E15 -> -157.89
... A21: 9.5 | D21: =RANDBETWEEN(190,250)*-0.01 -> -2.44 | E21: =F21-F22 -> 16.69 | F21: =初始!F20+初始!I20 -> 16.69 | G21: =G20-E21 -> -226.53
